sample	norm	seqtk	jf_count	jf_histo	jf_dump	fkcs	sort	merge	normalize	cat	capture_etc
DRR030368	4604	153	671	36	52	1048	60	1037	657	8	882
DRR031870	4404	186	607	13	28	1057	56	887	568	6	996
DRR036858	8377	259	1012	37	112	2183	152	1814	1126	9	1673
DRR046632	4351	117	509	17	50	977	59	1019	637	7	959
DRR053698	7685	217	1061	25	55	2051	138	1586	1006	13	1533
DRR069093	5135	135	837	13	36	1609	81	966	623	7	828
DRR082659	5759	151	569	25	136	1174	61	1243	809	8	1583
ERR058009	3116	145	446	5	12	574	56	742	467	5	664
ERR1016675	3290	104	366	11	32	747	51	740	464	3	772
ERR1674585	1223	42	144	22	46	332	17	208	143	1	268
ERR489297	11632	381	1520	25	64	2554	173	2851	1785	16	2263
SRR1015314	2689	75	329	9	30	558	44	649	416	4	575
SRR1050725	6738	186	792	26	84	1731	73	1385	832	8	1621
SRR1050726	2906	86	385	14	40	716	34	627	380	5	619
SRR1060332	880	21	101	8	23	258	9	164	107	1	188
SRR1104126	2234	58	294	16	40	536	28	437	275	2	548
SRR1123893	3902	100	570	16	42	1151	45	739	487	6	746
SRR1138704	864	22	104	12	35	217	11	176	113	1	173
SRR1138705	2196	53	265	22	51	550	27	449	288	3	488
SRR1138706	1152	34	125	9	24	270	15	241	157	2	275
SRR1138707	2393	52	254	27	73	591	30	485	317	1	563
SRR1138708	2086	48	233	17	49	538	23	425	273	3	477
SRR1139189	2405	55	232	19	49	537	29	547	336	3	598
SRR1139190	2895	74	346	18	55	734	32	562	345	3	726
SRR1139191	3673	87	430	34	95	986	34	659	421	3	924
SRR1139193	3537	93	413	20	64	908	46	702	435	4	852
SRR1139194	3165	86	403	19	59	858	36	566	370	3	765
SRR1139195	2856	73	339	19	58	746	32	549	338	3	699
SRR1139196	2263	55	316	16	66	659	24	387	254	2	484
SRR1139197	2752	77	350	9	30	623	32	580	363	3	685
SRR1139198	2539	83	360	8	23	625	32	518	333	3	554
SRR1139199	3607	99	424	19	68	938	44	727	456	4	828
SRR1139200	3276	80	384	33	92	901	37	593	374	3	779
SRR1139201	3169	97	414	14	43	715	39	654	430	6	757
SRR1139214	1446	36	183	11	37	405	17	267	175	1	314
SRR1139215	3183	83	356	17	62	828	40	625	376	3	793
SRR1139455	3200	73	401	28	80	1034	29	509	328	3	715
SRR1171189	2603	65	303	21	51	635	27	520	308	2	671
SRR1172444	3341	102	420	22	49	876	41	707	415	4	705
SRR1174275	31593	1046	3611	29	83	6176	759	7986	4703	38	7162
SRR1174805	2207	59	267	13	38	525	27	438	275	3	562
SRR1176880	1270	39	184	6	19	369	16	221	142	2	272
SRR1187193	4969	133	587	33	96	1387	51	883	583	5	1211
SRR1187194	5056	132	676	31	85	1359	52	935	644	5	1137
SRR1265953	10199	264	1147	49	114	2537	200	2169	1335	12	2372
SRR1269499	12722	325	1543	55	139	3048	252	2760	1691	15	2894
SRR1282422	3036	64	314	49	116	893	28	530	348	3	691
SRR1789336	2102	64	233	11	41	572	22	406	260	2	491
SRR2016923	6484	181	666	49	175	1505	80	1317	818	9	1684
SRR2086412	3188	114	261	17	45	632	45	747	502	10	815
SRR3499127	3074	84	493	34	73	1053	24	426	274	5	608
SRR389085	5787	120	572	104	302	2002	56	906	562	6	1157
SRR527277	1776	45	142	16	36	321	26	428	267	1	494
SRR527279	1120	31	103	13	31	213	18	270	174	1	266
SRR527309	795	22	84	11	28	180	10	163	109	0	188
SRR527310	893	23	82	9	21	174	13	219	141	1	210
SRR527311	960	23	89	10	24	204	11	214	141	1	243
SRR527312	998	25	97	11	22	209	13	227	150	1	243
SRR527314	1002	20	104	15	29	245	11	200	132	1	245
SRR527315	1166	28	82	15	27	194	16	303	191	1	309
SRR544868	3448	103	500	7	21	888	39	659	440	4	787
SRR544870	3024	116	364	6	21	768	35	598	393	5	718
SRR544874	2059	60	237	6	24	533	22	392	262	2	521
SRR544888	2330	64	277	37	57	545	29	470	284	2	565
SRR544889	1613	41	207	29	47	360	20	310	193	2	404
SRR545055	2171	71	334	5	17	677	25	339	221	3	479
SRR559222	2221	61	316	10	23	596	25	452	291	3	444
SRR559224	3519	93	458	27	79	1007	36	659	435	4	721
SRR571157	798	18	88	11	25	237	7	140	92	2	178
SRR578730	1960	50	381	3	7	614	21	330	212	2	340
SRR651040	1173	27	128	17	33	279	12	247	140	1	289
SRR653198	1908	51	240	15	36	492	21	391	250	3	409
SRR653211	2012	55	246	13	33	472	25	428	277	3	460
SRR746797	1145	37	182	3	9	303	13	213	137	1	247
SRR747027	2703	89	390	8	18	654	30	548	366	7	593
SRR747797	1327	33	219	8	19	429	12	215	146	1	245
SRR768418	2069	52	247	22	56	511	22	426	264	2	467
SRR770031	2446	71	348	8	25	577	29	518	324	3	543
SRR796573	1064	25	132	14	35	342	10	167	106	1	232
SRR796574	969	28	111	9	22	276	10	176	111	1	225
SRR796575	737	18	92	8	22	219	7	127	83	1	160
SRR796576	974	24	125	8	25	304	9	166	107	1	205
SRR802670	14307	423	1985	24	62	3463	296	3018	1929	17	3090
SRR805628	2879	74	373	25	79	765	35	587	360	3	578
SRR807358	1080	29	139	7	22	301	11	196	124	1	250
SRR807360	1394	40	165	7	23	356	16	268	182	1	336
SRR823416	1495	44	177	11	32	397	16	273	174	2	369
SRR823417	906	29	133	7	19	236	11	166	108	1	196
SRR823418	735	21	91	8	21	201	9	139	89	1	155
SRR823420	1211	31	130	10	24	306	14	235	153	1	307
SRR823431	821	24	101	6	18	241	9	143	94	1	184
SRR823432	974	28	113	8	22	259	11	183	120	1	229
SRR826503	3738	111	421	47	86	944	47	789	462	7	824
SRR827601	515	12	61	7	18	149	5	91	60	0	112
SRR835756	874	24	118	8	18	230	10	184	118	1	163
SRR835757	1002	26	103	12	24	230	12	233	144	2	216
SRR850241	4257	113	683	35	74	1372	44	698	466	5	767
SRR850813	1961	46	252	18	42	539	20	373	243	3	425
SRR851004	3758	99	466	18	50	938	45	784	487	4	867
SRR851144	1131	32	179	3	12	313	14	222	143	1	212
SRR851824	1285	36	155	6	21	331	14	250	160	2	310
SRR857271	1054	29	121	12	25	296	11	193	121	2	244
SRR866208	2495	65	334	9	29	621	27	501	320	3	586
SRR866209	2424	60	297	12	34	605	33	482	303	2	596
SRR866213	2402	64	315	7	24	592	26	518	322	4	530
SRR867043	2538	65	330	10	32	620	27	502	318	3	631
SRR867044	2412	61	288	11	35	583	30	474	303	3	624
SRR868662	7119	201	905	23	71	1788	92	1478	898	8	1655
SRR916227	1607	48	223	6	14	381	21	355	233	2	324
SRR916958	982	32	137	3	9	222	13	223	139	2	202
SRR935329	4034	103	524	61	113	907	49	824	520	7	926
SRR951913	2551	67	386	17	57	861	26	423	266	2	446
SRR953329	728	19	110	10	25	275	6	94	62	1	126
SRR954929	1084	38	149	4	9	239	16	235	156	1	237
tsa_GABB	1960	50	381	3	7	614	21	330	212	2	340
tsa_GABC	3448	103	500	7	21	888	39	659	440	4	787
tsa_GABD	3024	116	364	6	21	768	35	598	393	5	718
tsa_GABE	2059	60	237	6	24	533	22	392	262	2	521
tsa_GABF	2171	71	334	5	17	677	25	339	221	3	479
tsa_GADR	1613	41	207	29	47	360	20	310	193	2	404
tsa_GADU	1776	45	142	16	36	321	26	428	267	1	494
tsa_GADW	1120	31	103	13	31	213	18	270	174	1	266
tsa_GAEJ	2330	64	277	37	57	545	29	470	284	2	565
tsa_GAES	795	22	84	11	28	180	10	163	109	0	188
tsa_GAET	893	23	82	9	21	174	13	219	141	1	210
tsa_GAEU	960	23	89	10	24	204	11	214	141	1	243
tsa_GAEV	998	25	97	11	22	209	13	227	150	1	243
tsa_GAEX	1002	20	104	15	29	245	11	200	132	1	245
tsa_GAEY	1166	28	82	15	27	194	16	303	191	1	309
tsa_GAFB	798	18	88	11	25	237	7	140	92	2	178
tsa_GAFV	2703	89	390	8	18	654	30	548	366	7	593
tsa_GAGB	5787	120	572	104	302	2002	56	906	562	6	1157
tsa_GAGE	1145	37	182	3	9	303	13	213	137	1	247
tsa_GAGF	2012	55	246	13	33	472	25	428	277	3	460
tsa_GAGS	2069	52	247	22	56	511	22	426	264	2	467
tsa_GAHK	1908	51	240	15	36	492	21	391	250	3	409
tsa_GAHX	3738	111	421	47	86	944	47	789	462	7	824
tsa_GAIG	515	12	61	7	18	149	5	91	60	0	112
tsa_GAIW	2879	74	373	25	79	765	35	587	360	3	578
tsa_GAJA	2221	61	316	10	23	596	25	452	291	3	444
tsa_GAJC	3519	93	458	27	79	1007	36	659	435	4	721
tsa_GAJE	4257	113	683	35	74	1372	44	698	466	5	767
tsa_GAJI	1285	36	155	6	21	331	14	250	160	2	310
tsa_GAJJ	3758	99	466	18	50	938	45	784	487	4	867
tsa_GAJS	1173	27	128	17	33	279	12	247	140	1	289
tsa_GAKE	14307	423	1985	24	62	3463	296	3018	1929	17	3090
tsa_GAKG	2446	71	348	8	25	577	29	518	324	3	543
tsa_GALD	1961	46	252	18	42	539	20	373	243	3	425
tsa_GALE	982	32	137	3	9	222	13	223	139	2	202
tsa_GAMN	4034	103	524	61	113	907	49	824	520	7	926
tsa_GAMP	2412	61	288	11	35	583	30	474	303	3	624
tsa_GAMQ	2402	64	315	7	24	592	26	518	322	4	530
tsa_GAMR	2538	65	330	10	32	620	27	502	318	3	631
tsa_GAMS	2424	60	297	12	34	605	33	482	303	2	596
tsa_GAMT	2495	65	334	9	29	621	27	501	320	3	586
tsa_GANE	728	19	110	10	25	275	6	94	62	1	126
tsa_GANL	1084	38	149	4	9	239	16	235	156	1	237
tsa_GANO	2551	67	386	17	57	861	26	423	266	2	446
tsa_GAOE	1327	33	219	8	19	429	12	215	146	1	245
tsa_GAOT	7119	201	905	23	71	1788	92	1478	898	8	1655
tsa_GAPP	1002	26	103	12	24	230	12	233	144	2	216
tsa_GAPQ	874	24	118	8	18	230	10	184	118	1	163
tsa_GAQX	1054	29	121	12	25	296	11	193	121	2	244
tsa_GARA	880	21	101	8	23	258	9	164	107	1	188
tsa_GARB	1064	25	132	14	35	342	10	167	106	1	232
tsa_GARC	974	24	125	8	25	304	9	166	107	1	205
tsa_GARD	737	18	92	8	22	219	7	127	83	1	160
tsa_GARG	969	28	111	9	22	276	10	176	111	1	225
tsa_GARO	2906	86	385	14	40	716	34	627	380	5	619
tsa_GARW	6738	186	792	26	84	1731	73	1385	832	8	1621
tsa_GAUQ	2393	52	254	27	73	591	30	485	317	1	563
tsa_GAUR	1446	36	183	11	37	405	17	267	175	1	314
tsa_GAUS	2086	48	233	17	49	538	23	425	273	3	477
tsa_GAUT	2405	55	232	19	49	537	29	547	336	3	598
tsa_GAUU	2895	74	346	18	55	734	32	562	345	3	726
tsa_GAVC	3165	86	403	19	59	858	36	566	370	3	765
tsa_GAVE	3200	73	401	28	80	1034	29	509	328	3	715
tsa_GAVF	3537	93	413	20	64	908	46	702	435	4	852
tsa_GAVI	2263	55	316	16	66	659	24	387	254	2	484
tsa_GAVJ	3169	97	414	14	43	715	39	654	430	6	757
tsa_GAVK	3276	80	384	33	92	901	37	593	374	3	779
tsa_GAVN	2752	77	350	9	30	623	32	580	363	3	685
tsa_GAVO	2539	83	360	8	23	625	32	518	333	3	554
tsa_GAVP	3673	87	430	34	95	986	34	659	421	3	924
tsa_GAVQ	2856	73	339	19	58	746	32	549	338	3	699
tsa_GAVR	3607	99	424	19	68	938	44	727	456	4	828
tsa_GAVS	3183	83	356	17	62	828	40	625	376	3	793
tsa_GAVZ	2603	65	303	21	51	635	27	520	308	2	671
tsa_GAWB	2196	53	265	22	51	550	27	449	288	3	488
tsa_GAWF	3341	102	420	22	49	876	41	707	415	4	705
tsa_GAWH	31593	1046	3611	29	83	6176	759	7986	4703	38	7162
tsa_GAWI	1607	48	223	6	14	381	21	355	233	2	324
tsa_GAXM	1080	29	139	7	22	301	11	196	124	1	250
tsa_GAXN	1394	40	165	7	23	356	16	268	182	1	336
tsa_GAXP	821	24	101	6	18	241	9	143	94	1	184
tsa_GAXQ	906	29	133	7	19	236	11	166	108	1	196
tsa_GAXR	735	21	91	8	21	201	9	139	89	1	155
tsa_GAXS	1495	44	177	11	32	397	16	273	174	2	369
tsa_GAXT	1211	31	130	10	24	306	14	235	153	1	307
tsa_GAXU	3902	100	570	16	42	1151	45	739	487	6	746
tsa_GAZO	1152	34	125	9	24	270	15	241	157	2	275
tsa_GAZP	864	22	104	12	35	217	11	176	113	1	173
tsa_GAZR	2689	75	329	9	30	558	44	649	416	4	575
tsa_GAZU	974	28	113	8	22	259	11	183	120	1	229
tsa_GAZY	5056	132	676	31	85	1359	52	935	644	5	1137
tsa_GBAA	4969	133	587	33	96	1387	51	883	583	5	1211
tsa_GBDO	2234	58	294	16	40	536	28	437	275	2	548
tsa_GBDP	2207	59	267	13	38	525	27	438	275	3	562
tsa_GBDY	1270	39	184	6	19	369	16	221	142	2	272
tsa_GBEO	1131	32	179	3	12	313	14	222	143	1	212
tsa_GBEP	10199	264	1147	49	114	2537	200	2169	1335	12	2372
tsa_GBEQ	12722	325	1543	55	139	3048	252	2760	1691	15	2894
tsa_GBFL	3036	64	314	49	116	893	28	530	348	3	691
