sample	cpu	p1	pre	norm	fkcs	norm_kmers	reads_in	reads_sel	tofa	jelly	iworm	iw_load	iw_prune	iw_build	iw_kmers	bt2	scaff	gff	misc	rtt	sort	mkdir	n_mkdir	tail
DRR030368	6	7687	3	4604	115	57381812	72550841	9844864	13	183	624	377	59	96	230549974	336	210	201	5	1356	27	124	392	1
DRR031870	6	8400	4	4404	100	62709897	58695561	13880641	20	135	255	146	22	53	82216996	491	411	240	9	1892	44	495	584	0
DRR036858	6	20157	3	8377	335	202002508	110577484	24500167	34	334	886	463	81	218	284244639	1250	657	878	27	4493	83	3134	2117	1
DRR046632	6	8729	3	4351	140	121049662	79900603	19632284	20	161	444	244	40	100	162224747	622	668	286	15	1915	48	195	629	1
DRR053698	6	14866	2	7685	134	94708974	125553606	34350533	37	272	426	246	40	77	158984735	932	814	410	7	3973	103	205	362	0
DRR069093	6	11254	2	5135	78	89377681	101824589	24769352	23	179	213	114	25	47	102760771	839	826	415	8	3241	58	315	432	0
DRR082659	10	15951	4	5759	284	165020933	69319006	37198922	52	350	714	449	64	104	222626066	1215	2548	745	49	3475	108	931	1074	1
ERR058009	10	3989	3	3116	39	22989295	67543143	5836345	8	44	94	67	9	8	28105670	76	116	42	1	418	15	56	93	0
ERR1016675	10	7743	2	3290	106	63416694	50281605	17573181	23	162	322	205	37	39	109261740	424	710	268	7	2320	40	174	513	1
ERR1674585	10	3354	2	1223	188	85097410	19372865	9630276	12	136	526	368	50	45	160492856	207	197	141	9	632	20	249	835	0
ERR489297	10	18784	3	11632	238	129697170	200811036	32898101	44	246	378	230	37	55	144419950	883	1537	585	14	3106	88	268	620	0
SRR1015314	6	4954	2	2689	86	55108859	39450834	10047554	13	95	198	115	18	41	69487185	346	249	134	9	1026	23	169	504	1
SRR1050725	6	19216	3	6738	265	177252305	82250748	33918512	48	346	727	412	62	160	217055248	2132	2122	950	38	5494	129	488	1363	1
SRR1050726	6	6979	2	2906	125	90554037	42008176	12430979	16	156	353	196	31	80	120073205	631	364	270	16	1966	38	260	990	1
SRR1060332	6	2862	3	880	84	55944702	12801529	7763369	9	88	233	128	22	51	89367085	237	166	114	6	977	21	128	505	0
SRR1104126	6	6284	3	2234	104	70446419	25841737	13030739	18	166	372	220	34	71	127791166	503	313	255	10	2137	45	228	736	0
SRR1123893	6	10019	2	3902	123	85997236	53920803	21521296	29	211	383	218	34	81	134422967	826	620	403	11	3325	67	240	701	0
SRR1138704	6	2534	2	864	57	75249749	17195990	6694410	6	83	245	113	31	65	134965441	221	187	113	8	679	12	114	585	0
SRR1138705	6	6866	3	2196	167	105312340	33087645	17755151	20	191	553	288	53	133	196408756	634	714	333	17	1944	48	212	551	1
SRR1138706	6	3736	2	1152	47	49968898	23018516	15119809	14	92	140	65	17	36	74240549	332	344	162	5	1376	34	83	239	0
SRR1138707	6	9413	2	2393	171	141973221	29453760	19744351	24	251	693	367	78	162	232517354	844	982	550	30	3342	58	244	720	0
SRR1138708	6	6615	3	2086	134	91329624	30471328	18373906	19	176	424	235	38	95	147566851	614	558	318	14	2194	55	154	421	0
SRR1139189	6	6754	3	2405	117	83748737	32022905	17704039	21	178	444	253	40	92	147460103	574	619	266	12	2012	57	163	355	0
SRR1139190	6	9469	3	2895	175	107612618	33344441	19699886	28	219	466	265	41	101	149315746	934	893	512	22	3119	72	305	901	1
SRR1139191	6	13766	3	3673	280	182753073	38377359	25641259	38	332	896	501	79	196	272302665	1404	1377	1004	42	4466	101	429	1293	1
SRR1139193	6	10616	2	3537	192	130124237	41394788	19019560	28	227	511	283	44	119	162511128	1046	1083	572	28	3148	69	364	1179	1
SRR1139194	6	11110	3	3165	143	122144674	41043972	22991082	31	243	478	238	58	118	177721807	897	791	637	19	4395	72	378	1033	1
SRR1139195	6	9076	3	2856	180	116090411	32862595	17007571	24	208	496	277	44	111	160405213	938	962	465	21	2681	59	362	1214	1
SRR1139196	6	9004	2	2263	132	168702788	38154242	22859178	21	204	412	193	51	111	217678039	946	761	662	25	3304	53	350	1722	1
SRR1139197	6	7315	2	2752	94	62887935	34732966	14522877	21	131	211	122	19	46	70983871	703	710	311	17	2052	50	354	1143	1
SRR1139198	6	6106	2	2539	91	52308179	38005619	12422452	17	108	164	91	15	37	58676008	535	518	245	11	1678	34	255	938	0
SRR1139199	6	10320	2	3607	198	128047636	43047500	17549901	25	214	489	267	43	115	158698381	931	925	532	27	3157	63	348	1089	0
SRR1139200	6	11796	3	3276	249	178302441	35060429	19851484	28	314	844	453	79	193	265532457	1320	1412	751	39	3295	71	442	1438	1
SRR1139201	6	8510	3	3169	136	93333591	46515608	16410571	22	182	375	215	32	81	125017377	740	669	484	17	2548	52	248	861	1
SRR1139214	6	5058	2	1446	103	115589834	31526640	18479771	12	153	337	183	38	70	178808479	445	420	276	12	1777	34	144	471	0
SRR1139215	6	10210	3	3183	191	120237709	36817686	20019916	29	215	433	244	38	97	138924378	1106	1159	525	23	3087	69	377	1130	1
SRR1139455	6	13475	3	3200	276	186420898	36643778	24989535	31	306	818	428	73	195	267433949	1331	1253	1012	38	4928	83	471	1463	1
SRR1171189	6	9058	3	2603	126	85648423	29870976	18901699	26	213	501	293	46	95	166959393	964	1249	466	18	2708	65	242	602	0
SRR1172444	6	8095	3	3341	148	98480193	42489028	10858117	16	170	551	310	48	117	176144091	615	669	355	19	1740	33	583	764	0
SRR1174275	6	46250	3	31593	220	157108797	449946374	37830632	65	406	679	363	71	144	197593530	2155	2249	1319	38	6974	145	623	1833	1
SRR1174805	6	6519	3	2207	87	65438913	26080151	14944302	22	158	317	189	29	59	109163663	552	363	284	10	2342	53	208	561	0
SRR1176880	6	3468	2	1270	51	53498638	26535343	11487845	11	97	148	84	16	28	83555771	255	136	123	4	1273	23	125	458	1
SRR1187193	6	18911	3	4969	207	184126910	63349844	37515647	50	396	824	429	101	179	294004991	1630	1750	1164	26	7515	122	461	1107	1
SRR1187194	6	18087	3	5056	211	187109846	65074378	38271416	49	377	841	448	78	192	299687451	1851	1770	1101	25	6499	130	385	1120	0
SRR1265953	6	29562	3	10199	281	191269452	129267641	57121975	78	520	1062	599	105	202	336340873	2995	4039	1391	44	8492	219	520	903	0
SRR1269499	6	35287	3	12722	411	246452601	161712211	66566164	88	588	1181	644	115	251	370777672	3612	4745	1713	51	9623	370	591	1041	0
SRR1282422	6	12034	3	3036	271	198395188	31129065	21941593	35	360	1211	657	117	257	372548999	1421	1515	686	24	3330	78	334	998	1
SRR1789336	10	5766	2	2102	169	82402275	28976658	13917734	18	153	361	227	40	50	117621385	352	311	200	8	2025	31	202	738	1
SRR2016923	10	17576	3	6484	511	279967017	81603037	34127852	46	420	1358	842	123	182	429954378	1297	2004	892	60	3664	93	1254	1943	1
SRR2086412	10	10844	9	3188	177	101128924	53255578	14721870	26	165	453	262	41	83	160607408	707	313	266	61	1719	44	3890	1011	1
SRR3499127	6	13103	2	3074	190	135097363	30062954	17362056	34	362	753	416	69	161	269475263	1638	1153	883	24	4816	64	300	959	0
SRR389085	6	26915	3	5787	828	581599694	54027201	34311889	49	709	2987	1645	289	620	826283559	2641	1484	2665	134	8490	121	1841	7351	4
SRR527277	6	4222	3	1776	90	60955654	25869760	12684251	14	114	342	209	31	61	113473102	320	276	100	6	1076	34	160	467	1
SRR527279	6	2639	2	1120	50	57332570	26305762	9268326	8	87	194	94	27	44	124642228	184	116	75	4	691	16	141	638	1
SRR527309	6	2571	2	795	54	56951353	16042617	10142161	8	90	216	105	28	51	127994793	206	129	85	4	861	19	155	674	1
SRR527310	6	2096	3	893	43	36829241	15997681	5744792	6	72	204	109	25	44	87711256	130	106	53	4	467	11	147	472	0
SRR527311	6	2627	2	960	62	42661339	15599152	9158944	9	79	259	149	24	52	95004624	212	167	72	4	710	22	131	470	0
SRR527312	6	2496	2	998	53	39166796	16628907	7931108	8	76	231	128	23	48	88019461	184	151	65	4	638	19	120	431	0
SRR527314	6	3054	2	1002	95	55519634	14560410	10331464	10	118	380	213	36	76	141439682	273	211	89	5	822	25	116	415	1
SRR527315	6	2382	3	1166	56	38298117	18517040	7385232	7	78	276	167	26	50	99806748	164	169	45	3	368	16	87	283	0
SRR544868	6	7644	3	3448	63	44221582	48861355	18731293	27	149	153	86	13	35	52630454	501	356	234	5	2579	60	129	214	0
SRR544870	6	7403	3	3024	44	43618660	43777526	18779435	24	146	136	79	14	30	52014326	474	365	236	4	2799	58	134	208	0
SRR544874	6	6063	2	2059	48	46759418	28126253	16240053	22	141	157	90	16	35	61948251	416	314	247	5	2537	48	115	222	0
SRR544888	6	6592	2	2330	105	66410321	28041823	12722000	20	220	713	427	66	121	228175476	713	569	236	7	1586	41	155	362	0
SRR544889	6	5080	2	1613	71	56122516	18374564	11229904	17	197	658	396	62	112	211741589	576	334	151	5	1356	35	136	325	0
SRR545055	6	6246	3	2171	42	42275060	33216557	15943403	20	121	126	54	17	35	50259205	444	229	241	3	2749	41	98	213	0
SRR559222	6	5316	2	2221	55	45108623	32565376	13257415	16	125	218	123	20	45	80168549	425	276	180	5	1689	42	116	298	1
SRR559224	6	11364	3	3519	186	151932611	48006175	20191205	25	302	686	347	86	155	253232376	825	502	703	21	4162	56	559	1754	1
SRR571157	6	3084	2	798	87	54537966	10095742	7225299	8	90	258	141	24	57	94902809	357	358	166	9	920	20	98	301	0
SRR578730	6	4147	1	1960	31	36983747	53111462	14692138	10	89	92	55	9	16	49618128	270	206	136	3	1291	22	67	213	0
SRR651040	6	3849	3	1173	81	52311237	13677770	8522717	12	125	383	229	34	73	125468833	327	341	149	8	1150	26	152	450	0
SRR653198	6	4526	3	1908	96	68704907	27556071	11229544	13	135	314	189	31	50	121549335	327	197	133	5	1334	32	125	381	0
SRR653211	6	6453	3	2012	86	54378700	27165637	11839042	16	130	287	152	28	68	99608949	425	401	197	8	1485	38	1450	612	1
SRR746797	6	2614	2	1145	26	29806838	25226371	9115005	9	63	72	42	7	15	39451937	150	91	70	2	921	18	70	213	1
SRR747027	6	5833	67	2703	48	38314964	39930943	14618229	18	110	146	84	13	30	52282118	355	231	153	3	1897	44	105	214	1
SRR747797	6	4036	1	1327	85	88912395	34784750	14740333	9	113	330	223	28	45	148059727	316	164	164	4	1445	20	143	969	0
SRR768418	6	6417	3	2069	129	96465908	24976124	11323908	15	179	569	321	51	122	186105832	577	613	314	18	1502	35	522	991	1
SRR770031	6	4996	3	2446	65	46535370	31022877	9177161	14	93	188	113	17	37	62932374	367	325	150	8	1218	33	151	457	0
SRR796573	6	4005	2	1064	114	82993674	12887324	8588261	10	122	334	185	30	75	120203373	420	351	206	11	1313	23	148	573	0
SRR796574	6	3157	4	969	85	50534839	11216974	5502865	8	73	222	129	18	46	69021972	279	273	144	10	754	16	404	537	1
SRR796575	6	2421	3	737	61	45162917	9791817	5382245	6	71	216	121	20	46	81212914	261	211	104	6	685	13	107	417	1
SRR796576	6	3360	2	974	92	66758510	12853645	7607326	9	90	246	133	22	58	88074743	358	304	171	10	1025	21	149	613	1
SRR802670	6	25276	3	14307	151	100199528	185623035	40650638	58	355	418	248	39	77	140500015	1483	1401	718	13	5977	163	380	728	0
SRR805628	6	8436	3	2879	200	133439868	36583064	12482860	17	246	787	457	68	158	246978442	585	363	441	22	2048	37	1007	1769	1
SRR807358	6	3378	2	1080	61	43840754	14338960	8895299	12	88	183	102	16	41	65247321	287	202	130	4	1269	28	92	246	1
SRR807360	6	4103	2	1394	54	44733477	18567921	9817594	13	104	170	92	20	38	71013164	292	258	160	5	1555	30	120	275	0
SRR823416	6	4178	3	1495	68	46724758	17856124	9651210	13	98	229	132	20	46	73828771	303	211	150	6	1359	31	280	326	0
SRR823417	6	2609	2	906	33	40744423	16470081	7961636	9	65	116	57	14	28	64161744	194	112	101	3	1009	19	73	260	0
SRR823418	6	2050	2	735	38	41158927	13427422	5882537	6	50	109	51	14	28	61201684	144	85	79	3	756	13	68	272	0
SRR823420	6	3558	3	1211	69	45104334	14379945	8860658	13	94	203	118	20	43	71119444	304	187	132	5	1260	30	116	296	0
SRR823431	6	2693	1	821	46	45225442	14314985	8706868	8	65	119	56	15	31	70893343	239	153	109	4	1077	19	77	298	1
SRR823432	6	3103	3	974	50	46597102	13265406	7033090	10	86	185	96	23	43	78771929	230	200	121	5	1151	20	118	330	0
SRR826503	6	8483	3	3738	172	105445341	45071973	11236138	18	251	777	468	71	136	243236850	773	532	296	12	1905	37	141	353	0
SRR827601	6	1944	2	515	53	40162711	6646768	4836869	6	61	182	103	16	38	65446733	196	182	93	6	596	12	93	376	0
SRR835756	6	2064	3	874	50	33845983	13391493	3791812	4	57	194	107	18	42	67976903	171	129	67	4	456	12	93	310	0
SRR835757	6	2469	2	1002	54	38746604	13611432	4678357	7	70	224	131	21	47	76925615	229	172	82	5	562	15	99	333	0
SRR850241	6	10971	3	4257	216	148225777	66277506	21605465	24	230	540	255	73	128	317550359	1057	894	501	18	3160	48	238	955	1
SRR850813	6	7369	3	1961	127	88416406	26537763	17591117	22	189	436	240	40	96	154090418	776	907	385	16	2414	49	211	717	0
SRR851004	6	10119	3	3758	125	84319820	48159912	22632336	31	229	414	239	39	81	140411728	830	761	378	12	3303	81	318	891	1
SRR851144	6	2526	2	1131	36	37416431	25803182	7863151	7	57	86	47	10	16	51232749	165	136	69	3	757	15	97	353	1
SRR851824	6	3651	2	1285	47	32517040	15344650	9027561	14	92	131	74	13	28	48939287	311	207	132	4	1346	34	93	172	0
SRR857271	6	3348	4	1054	94	55024177	11931220	6201921	9	86	257	143	23	57	82971392	279	281	169	8	893	19	288	362	1
SRR866208	6	7149	3	2495	96	57357386	31014804	17247990	24	150	220	123	21	51	75554039	568	476	311	7	2664	64	166	319	1
SRR866209	6	7322	3	2424	105	65304609	29232184	18496559	25	167	268	156	23	60	86676800	626	516	409	8	2627	68	180	346	1
SRR866213	6	5554	3	2402	67	45826654	30286246	12487758	18	109	180	107	16	38	59251835	399	325	192	5	1735	45	141	310	0
SRR867043	6	7530	2	2538	105	62946603	30064669	19429257	28	172	256	147	22	58	84210610	646	537	356	8	2734	71	181	338	1
SRR867044	6	7706	2	2412	90	65266187	28719391	19737530	28	178	260	144	24	61	88701814	665	551	444	9	2896	73	188	353	0
SRR868662	6	16488	2	7119	203	143178440	89169636	29570235	42	298	506	276	47	117	169882544	1331	1261	653	27	4479	110	658	2300	2
SRR916227	6	3083	3	1607	57	33322847	25748614	5879027	7	62	157	92	14	32	55863209	196	193	83	4	663	16	92	308	0
SRR916958	6	1523	2	982	26	17582354	16166050	1958931	2	23	57	31	5	13	21342331	77	49	32	3	211	4	80	376	1
SRR935329	6	13477	2	4034	128	174351093	79068995	38492168	33	406	1187	512	165	313	641067803	1365	1057	1916	13	3202	86	175	439	1
SRR951913	6	7905	2	2551	155	197869077	47044890	16606484	15	220	493	244	63	108	254451360	656	370	607	24	2402	30	534	2540	1
SRR953329	6	3200	2	728	90	57845420	6999743	4999846	9	94	249	134	23	57	86013201	381	212	178	7	1179	19	142	416	0
SRR954929	6	1786	2	1084	18	23412506	27605465	3851552	3	34	72	43	8	13	40455860	79	68	36	1	332	7	68	280	0
tsa_GABB	6	4147	1	1960	31	36983747	53111462	14692138	10	89	92	55	9	16	49618128	270	206	136	3	1291	22	67	213	0
tsa_GABC	6	7644	3	3448	63	44221582	48861355	18731293	27	149	153	86	13	35	52630454	501	356	234	5	2579	60	129	214	0
tsa_GABD	6	7403	3	3024	44	43618660	43777526	18779435	24	146	136	79	14	30	52014326	474	365	236	4	2799	58	134	208	0
tsa_GABE	6	6063	2	2059	48	46759418	28126253	16240053	22	141	157	90	16	35	61948251	416	314	247	5	2537	48	115	222	0
tsa_GABF	6	6246	3	2171	42	42275060	33216557	15943403	20	121	126	54	17	35	50259205	444	229	241	3	2749	41	98	213	0
tsa_GADR	6	5080	2	1613	71	56122516	18374564	11229904	17	197	658	396	62	112	211741589	576	334	151	5	1356	35	136	325	0
tsa_GADU	6	4222	3	1776	90	60955654	25869760	12684251	14	114	342	209	31	61	113473102	320	276	100	6	1076	34	160	467	1
tsa_GADW	6	2639	2	1120	50	57332570	26305762	9268326	8	87	194	94	27	44	124642228	184	116	75	4	691	16	141	638	1
tsa_GAEJ	6	6592	2	2330	105	66410321	28041823	12722000	20	220	713	427	66	121	228175476	713	569	236	7	1586	41	155	362	0
tsa_GAES	6	2571	2	795	54	56951353	16042617	10142161	8	90	216	105	28	51	127994793	206	129	85	4	861	19	155	674	1
tsa_GAET	6	2096	3	893	43	36829241	15997681	5744792	6	72	204	109	25	44	87711256	130	106	53	4	467	11	147	472	0
tsa_GAEU	6	2627	2	960	62	42661339	15599152	9158944	9	79	259	149	24	52	95004624	212	167	72	4	710	22	131	470	0
tsa_GAEV	6	2496	2	998	53	39166796	16628907	7931108	8	76	231	128	23	48	88019461	184	151	65	4	638	19	120	431	0
tsa_GAEX	6	3054	2	1002	95	55519634	14560410	10331464	10	118	380	213	36	76	141439682	273	211	89	5	822	25	116	415	1
tsa_GAEY	6	2382	3	1166	56	38298117	18517040	7385232	7	78	276	167	26	50	99806748	164	169	45	3	368	16	87	283	0
tsa_GAFB	6	3084	2	798	87	54537966	10095742	7225299	8	90	258	141	24	57	94902809	357	358	166	9	920	20	98	301	0
tsa_GAFV	6	5833	67	2703	48	38314964	39930943	14618229	18	110	146	84	13	30	52282118	355	231	153	3	1897	44	105	214	1
tsa_GAGB	6	26915	3	5787	828	581599694	54027201	34311889	49	709	2987	1645	289	620	826283559	2641	1484	2665	134	8490	121	1841	7351	4
tsa_GAGE	6	2614	2	1145	26	29806838	25226371	9115005	9	63	72	42	7	15	39451937	150	91	70	2	921	18	70	213	1
tsa_GAGF	6	6453	3	2012	86	54378700	27165637	11839042	16	130	287	152	28	68	99608949	425	401	197	8	1485	38	1450	612	1
tsa_GAGS	6	6417	3	2069	129	96465908	24976124	11323908	15	179	569	321	51	122	186105832	577	613	314	18	1502	35	522	991	1
tsa_GAHK	6	4526	3	1908	96	68704907	27556071	11229544	13	135	314	189	31	50	121549335	327	197	133	5	1334	32	125	381	0
tsa_GAHX	6	8483	3	3738	172	105445341	45071973	11236138	18	251	777	468	71	136	243236850	773	532	296	12	1905	37	141	353	0
tsa_GAIG	6	1944	2	515	53	40162711	6646768	4836869	6	61	182	103	16	38	65446733	196	182	93	6	596	12	93	376	0
tsa_GAIW	6	8436	3	2879	200	133439868	36583064	12482860	17	246	787	457	68	158	246978442	585	363	441	22	2048	37	1007	1769	1
tsa_GAJA	6	5316	2	2221	55	45108623	32565376	13257415	16	125	218	123	20	45	80168549	425	276	180	5	1689	42	116	298	1
tsa_GAJC	6	11364	3	3519	186	151932611	48006175	20191205	25	302	686	347	86	155	253232376	825	502	703	21	4162	56	559	1754	1
tsa_GAJE	6	10971	3	4257	216	148225777	66277506	21605465	24	230	540	255	73	128	317550359	1057	894	501	18	3160	48	238	955	1
tsa_GAJI	6	3651	2	1285	47	32517040	15344650	9027561	14	92	131	74	13	28	48939287	311	207	132	4	1346	34	93	172	0
tsa_GAJJ	6	10119	3	3758	125	84319820	48159912	22632336	31	229	414	239	39	81	140411728	830	761	378	12	3303	81	318	891	1
tsa_GAJS	6	3849	3	1173	81	52311237	13677770	8522717	12	125	383	229	34	73	125468833	327	341	149	8	1150	26	152	450	0
tsa_GAKE	6	25276	3	14307	151	100199528	185623035	40650638	58	355	418	248	39	77	140500015	1483	1401	718	13	5977	163	380	728	0
tsa_GAKG	6	4996	3	2446	65	46535370	31022877	9177161	14	93	188	113	17	37	62932374	367	325	150	8	1218	33	151	457	0
tsa_GALD	6	7369	3	1961	127	88416406	26537763	17591117	22	189	436	240	40	96	154090418	776	907	385	16	2414	49	211	717	0
tsa_GALE	6	1523	2	982	26	17582354	16166050	1958931	2	23	57	31	5	13	21342331	77	49	32	3	211	4	80	376	1
tsa_GAMN	6	13477	2	4034	128	174351093	79068995	38492168	33	406	1187	512	165	313	641067803	1365	1057	1916	13	3202	86	175	439	1
tsa_GAMP	6	7706	2	2412	90	65266187	28719391	19737530	28	178	260	144	24	61	88701814	665	551	444	9	2896	73	188	353	0
tsa_GAMQ	6	5554	3	2402	67	45826654	30286246	12487758	18	109	180	107	16	38	59251835	399	325	192	5	1735	45	141	310	0
tsa_GAMR	6	7530	2	2538	105	62946603	30064669	19429257	28	172	256	147	22	58	84210610	646	537	356	8	2734	71	181	338	1
tsa_GAMS	6	7322	3	2424	105	65304609	29232184	18496559	25	167	268	156	23	60	86676800	626	516	409	8	2627	68	180	346	1
tsa_GAMT	6	7149	3	2495	96	57357386	31014804	17247990	24	150	220	123	21	51	75554039	568	476	311	7	2664	64	166	319	1
tsa_GANE	6	3200	2	728	90	57845420	6999743	4999846	9	94	249	134	23	57	86013201	381	212	178	7	1179	19	142	416	0
tsa_GANL	6	1786	2	1084	18	23412506	27605465	3851552	3	34	72	43	8	13	40455860	79	68	36	1	332	7	68	280	0
tsa_GANO	6	7905	2	2551	155	197869077	47044890	16606484	15	220	493	244	63	108	254451360	656	370	607	24	2402	30	534	2540	1
tsa_GAOE	6	4036	1	1327	85	88912395	34784750	14740333	9	113	330	223	28	45	148059727	316	164	164	4	1445	20	143	969	0
tsa_GAOT	6	16488	2	7119	203	143178440	89169636	29570235	42	298	506	276	47	117	169882544	1331	1261	653	27	4479	110	658	2300	2
tsa_GAPP	6	2469	2	1002	54	38746604	13611432	4678357	7	70	224	131	21	47	76925615	229	172	82	5	562	15	99	333	0
tsa_GAPQ	6	2064	3	874	50	33845983	13391493	3791812	4	57	194	107	18	42	67976903	171	129	67	4	456	12	93	310	0
tsa_GAQX	6	3348	4	1054	94	55024177	11931220	6201921	9	86	257	143	23	57	82971392	279	281	169	8	893	19	288	362	1
tsa_GARA	6	2862	3	880	84	55944702	12801529	7763369	9	88	233	128	22	51	89367085	237	166	114	6	977	21	128	505	0
tsa_GARB	6	4005	2	1064	114	82993674	12887324	8588261	10	122	334	185	30	75	120203373	420	351	206	11	1313	23	148	573	0
tsa_GARC	6	3360	2	974	92	66758510	12853645	7607326	9	90	246	133	22	58	88074743	358	304	171	10	1025	21	149	613	1
tsa_GARD	6	2421	3	737	61	45162917	9791817	5382245	6	71	216	121	20	46	81212914	261	211	104	6	685	13	107	417	1
tsa_GARG	6	3157	4	969	85	50534839	11216974	5502865	8	73	222	129	18	46	69021972	279	273	144	10	754	16	404	537	1
tsa_GARO	6	6979	2	2906	125	90554037	42008176	12430979	16	156	353	196	31	80	120073205	631	364	270	16	1966	38	260	990	1
tsa_GARW	6	19216	3	6738	265	177252305	82250748	33918512	48	346	727	412	62	160	217055248	2132	2122	950	38	5494	129	488	1363	1
tsa_GAUQ	6	9413	2	2393	171	141973221	29453760	19744351	24	251	693	367	78	162	232517354	844	982	550	30	3342	58	244	720	0
tsa_GAUR	6	5058	2	1446	103	115589834	31526640	18479771	12	153	337	183	38	70	178808479	445	420	276	12	1777	34	144	471	0
tsa_GAUS	6	6615	3	2086	134	91329624	30471328	18373906	19	176	424	235	38	95	147566851	614	558	318	14	2194	55	154	421	0
tsa_GAUT	6	6754	3	2405	117	83748737	32022905	17704039	21	178	444	253	40	92	147460103	574	619	266	12	2012	57	163	355	0
tsa_GAUU	6	9469	3	2895	175	107612618	33344441	19699886	28	219	466	265	41	101	149315746	934	893	512	22	3119	72	305	901	1
tsa_GAVC	6	11110	3	3165	143	122144674	41043972	22991082	31	243	478	238	58	118	177721807	897	791	637	19	4395	72	378	1033	1
tsa_GAVE	6	13475	3	3200	276	186420898	36643778	24989535	31	306	818	428	73	195	267433949	1331	1253	1012	38	4928	83	471	1463	1
tsa_GAVF	6	10616	2	3537	192	130124237	41394788	19019560	28	227	511	283	44	119	162511128	1046	1083	572	28	3148	69	364	1179	1
tsa_GAVI	6	9004	2	2263	132	168702788	38154242	22859178	21	204	412	193	51	111	217678039	946	761	662	25	3304	53	350	1722	1
tsa_GAVJ	6	8510	3	3169	136	93333591	46515608	16410571	22	182	375	215	32	81	125017377	740	669	484	17	2548	52	248	861	1
tsa_GAVK	6	11796	3	3276	249	178302441	35060429	19851484	28	314	844	453	79	193	265532457	1320	1412	751	39	3295	71	442	1438	1
tsa_GAVN	6	7315	2	2752	94	62887935	34732966	14522877	21	131	211	122	19	46	70983871	703	710	311	17	2052	50	354	1143	1
tsa_GAVO	6	6106	2	2539	91	52308179	38005619	12422452	17	108	164	91	15	37	58676008	535	518	245	11	1678	34	255	938	0
tsa_GAVP	6	13766	3	3673	280	182753073	38377359	25641259	38	332	896	501	79	196	272302665	1404	1377	1004	42	4466	101	429	1293	1
tsa_GAVQ	6	9076	3	2856	180	116090411	32862595	17007571	24	208	496	277	44	111	160405213	938	962	465	21	2681	59	362	1214	1
tsa_GAVR	6	10320	2	3607	198	128047636	43047500	17549901	25	214	489	267	43	115	158698381	931	925	532	27	3157	63	348	1089	0
tsa_GAVS	6	10210	3	3183	191	120237709	36817686	20019916	29	215	433	244	38	97	138924378	1106	1159	525	23	3087	69	377	1130	1
tsa_GAVZ	6	9058	3	2603	126	85648423	29870976	18901699	26	213	501	293	46	95	166959393	964	1249	466	18	2708	65	242	602	0
tsa_GAWB	6	6866	3	2196	167	105312340	33087645	17755151	20	191	553	288	53	133	196408756	634	714	333	17	1944	48	212	551	1
tsa_GAWF	6	8095	3	3341	148	98480193	42489028	10858117	16	170	551	310	48	117	176144091	615	669	355	19	1740	33	583	764	0
tsa_GAWH	6	46250	3	31593	220	157108797	449946374	37830632	65	406	679	363	71	144	197593530	2155	2249	1319	38	6974	145	623	1833	1
tsa_GAWI	6	3083	3	1607	57	33322847	25748614	5879027	7	62	157	92	14	32	55863209	196	193	83	4	663	16	92	308	0
tsa_GAXM	6	3378	2	1080	61	43840754	14338960	8895299	12	88	183	102	16	41	65247321	287	202	130	4	1269	28	92	246	1
tsa_GAXN	6	4103	2	1394	54	44733477	18567921	9817594	13	104	170	92	20	38	71013164	292	258	160	5	1555	30	120	275	0
tsa_GAXP	6	2693	1	821	46	45225442	14314985	8706868	8	65	119	56	15	31	70893343	239	153	109	4	1077	19	77	298	1
tsa_GAXQ	6	2609	2	906	33	40744423	16470081	7961636	9	65	116	57	14	28	64161744	194	112	101	3	1009	19	73	260	0
tsa_GAXR	6	2050	2	735	38	41158927	13427422	5882537	6	50	109	51	14	28	61201684	144	85	79	3	756	13	68	272	0
tsa_GAXS	6	4178	3	1495	68	46724758	17856124	9651210	13	98	229	132	20	46	73828771	303	211	150	6	1359	31	280	326	0
tsa_GAXT	6	3558	3	1211	69	45104334	14379945	8860658	13	94	203	118	20	43	71119444	304	187	132	5	1260	30	116	296	0
tsa_GAXU	6	10019	2	3902	123	85997236	53920803	21521296	29	211	383	218	34	81	134422967	826	620	403	11	3325	67	240	701	0
tsa_GAZO	6	3736	2	1152	47	49968898	23018516	15119809	14	92	140	65	17	36	74240549	332	344	162	5	1376	34	83	239	0
tsa_GAZP	6	2534	2	864	57	75249749	17195990	6694410	6	83	245	113	31	65	134965441	221	187	113	8	679	12	114	585	0
tsa_GAZR	6	4954	2	2689	86	55108859	39450834	10047554	13	95	198	115	18	41	69487185	346	249	134	9	1026	23	169	504	1
tsa_GAZU	6	3103	3	974	50	46597102	13265406	7033090	10	86	185	96	23	43	78771929	230	200	121	5	1151	20	118	330	0
tsa_GAZY	6	18087	3	5056	211	187109846	65074378	38271416	49	377	841	448	78	192	299687451	1851	1770	1101	25	6499	130	385	1120	0
tsa_GBAA	6	18911	3	4969	207	184126910	63349844	37515647	50	396	824	429	101	179	294004991	1630	1750	1164	26	7515	122	461	1107	1
tsa_GBDO	6	6284	3	2234	104	70446419	25841737	13030739	18	166	372	220	34	71	127791166	503	313	255	10	2137	45	228	736	0
tsa_GBDP	6	6519	3	2207	87	65438913	26080151	14944302	22	158	317	189	29	59	109163663	552	363	284	10	2342	53	208	561	0
tsa_GBDY	6	3468	2	1270	51	53498638	26535343	11487845	11	97	148	84	16	28	83555771	255	136	123	4	1273	23	125	458	1
tsa_GBEO	6	2526	2	1131	36	37416431	25803182	7863151	7	57	86	47	10	16	51232749	165	136	69	3	757	15	97	353	1
tsa_GBEP	6	29562	3	10199	281	191269452	129267641	57121975	78	520	1062	599	105	202	336340873	2995	4039	1391	44	8492	219	520	903	0
tsa_GBEQ	6	35287	3	12722	411	246452601	161712211	66566164	88	588	1181	644	115	251	370777672	3612	4745	1713	51	9623	370	591	1041	0
tsa_GBFL	6	12034	3	3036	271	198395188	31129065	21941593	35	360	1211	657	117	257	372548999	1421	1515	686	24	3330	78	334	998	1
